OID_,id,subward,ward,district,Building Diversity,Population Density,Microclimate,UNIQUE,Heat Stress,Connectivity,Integration,Built Density
1,1,Kilimahewa,Tandika,Temeke,0.129190152,0.821885406,0.067988369,0,0.150351234,0.68485857,0.566296501,0.341213875
2,2,Nyambwera,Tandika,Temeke,0.268822698,0.771102397,0.288025377,1,0.145391354,0.642627004,0.458442039,0.419338797
3,3,Mabatini,Tandika,Temeke,0.188893981,0.699338032,0.165455987,2,0.125252415,0.534407581,0.485177327,0.398214217
4,4,Mangaya,Mbagala,Temeke,0.434245293,0.446064475,0.437007666,3,0.733431289,0.656982027,0.209113212,0.437900545
5,5,Maguruwe,Tandika,Temeke,0.29102525,0.652270823,0.153084853,4,0.120314657,0.609927882,0.55645413,0.470926983
6,6,Tamla,Tandika,Temeke,0.143832186,0.636246059,0.191356067,5,0.121666074,0.565876567,0.555471976,0.374595035
7,7,Tandika,Tandika,Temeke,0.239275423,0.675335537,0.105524716,6,0.123486623,0.505812246,0.588096551,0.467147532
8,8,Mbagala,Mbagala,Temeke,0.277551926,0.396398593,0.358604282,7,0.733431289,0.63935678,0.260786361,0.436601738
9,10,Bughudadi,Mbagala,Temeke,0.347101063,0.314021967,0.54430106,9,0.382386671,0.347849047,0.550989283,0.500358319
10,11,Kizinga,Mbagala,Temeke,0.362123566,0.380293478,0.421393955,10,0.417271015,0.582792532,0.33679867,0.451502594
11,12,Serenge,Mbagala,Temeke,0.424546667,0.326902485,0.674702617,11,0.503086194,0.49784906,0.18627781,0.355724863
12,14,Mbonde,Makangarawe,Temeke,0.257211875,0.641929376,0.138540841,13,0.204553029,0.697029017,0.394815045,0.359325892
13,16,Makangarawe,Makangarawe,Temeke,0.17816983,0.450734186,0.357738059,15,0.224131963,0.599309828,0.331829434,0.390507928
14,17,Uwazi,Makangarawe,Temeke,0.195153562,0.371586843,0.427209446,16,0.371752114,0.683280323,0.361425697,0.400534979
15,18,Yombo Dovya,Makangarawe,Temeke,0.294336502,0.620551923,0.311816019,17,0.271645527,0.766353893,0.414134262,0.45376307
16,19,Makuka Kaskazini,Mbagala Kuu,Temeke,0.213462127,0.411327535,0.424425059,18,0.733431289,0.639408174,0.288309866,0.496901435
17,21,Msakala,Makangarawe,Temeke,0.187925443,0.542931579,0.463653185,20,0.398044657,0.601971533,0.264952743,0.352793445
18,27,Makuka Kusini,Mbagala Kuu,Temeke,0.294781024,0.356788007,0.520539255,26,0.733431289,0.710273854,0.324037892,0.411420288
19,28,Mbagala Kuu Magharibi,Mbagala Kuu,Temeke,0.413696451,0.225916258,0.749028549,27,0.733431289,0.497024376,0.285656115,0.275810124
20,29,Mbagala Kuu Mashariki,Mbagala Kuu,Temeke,0.233045124,0.322605035,0.538655388,28,0.733431289,0.531364147,0.295383615,0.345135488
21,31,Idrisa,Magomeni,Kinondoni,0.359338541,0.493846554,0.485011895,30,0.323554589,0.745077426,0.948952747,0.547577775
22,32,Dossi,Magomeni,Kinondoni,0.232620035,0.481909014,0.281998414,31,0.384947962,0.690356862,0.726701109,0.371796912
23,33,Makuti 'A',Magomeni,Kinondoni,0.382763049,0.502989261,0.283267248,32,0.287015803,0.653249949,0.759075522,0.450877105
24,34,Makuti 'B',Magomeni,Kinondoni,0.212826124,0.602969677,0.264948454,33,0.220428432,0.632682859,0.534035874,0.385880015
25,35,Kagera,Makurumla,Ubungo,0.203135369,0.884098287,0.205762622,34,0.010830515,0.716345076,0.779753464,0.360235497
26,36,Sunna,Magomeni,Kinondoni,0.195577793,0.388816494,1,35,0.46555879,0.350879024,0.151785533,0
27,37,Sisi Kwa Sisi,Makurumla,Ubungo,0.277712728,0.961860215,0.109912768,36,0.005523314,0.857737954,0.771152313,0.412170743
28,39,Kimamba,Makurumla,Ubungo,0.26764575,0.725225502,0.262450436,38,0.091214859,0.719459757,0.724298838,0.444813659
29,40,Mianzini,Makurumla,Ubungo,0.142367149,0.78313034,0.259397304,39,0.035414655,0.878833023,0.567702103,0.336238095
30,42,Kwajongo,Makurumla,Ubungo,0.219496785,0.927622536,0.239990937,41,0.002093551,0.873622217,0.648896477,0.372884617
31,43,Kilimahewa,Makurumla,Ubungo,0.179087013,0.954259086,0.225006609,42,0,0.831629262,0.597990586,0.404886726
32,45,Vigaeni,Ndugumbi,Kinondoni,0.240375302,0.580973283,0.172808177,44,0.180171543,0.671300949,0.713203246,0.438950316
33,46,Makanya,Ndugumbi,Kinondoni,0.232197166,0.763309066,0.199682791,45,0.086121088,0.735127401,0.750351118,0.420035477
34,47,Kwa Kopa,Mwananyamala,Kinondoni,0.321958244,0.430162854,0.277134549,46,0.260510077,0.660542954,0.614240951,0.37670733
35,48,Kagera Mikoroshini,Ndugumbi,Kinondoni,0.200229692,0.926837772,0.190642347,47,0.033190715,0.71577899,0.769413104,0.410911226
36,49,Mpakani,Ndugumbi,Kinondoni,0.202741359,0.987582513,0.099540048,48,0.011683092,0.864432291,0.702071678,0.410997905
37,50,Kwa Mkunduge,Tandale,Kinondoni,0.156562961,0.908318597,0.061115517,49,0.059805294,0.914322462,0.525537161,0.394108901
38,51,Kwa Tumbo,Tandale,Kinondoni,0.110390928,0.959315897,0.09814433,50,0.04026668,0.992044322,0.568610504,0.291148741
39,52,Bwawani,Mwananyamala,Kinondoni,0.48810113,0.294141415,0.270719887,51,0.3768403,0.491506056,0.705588365,0.560131074
40,53,Sokoni,Tandale,Kinondoni,0.212594986,0.978221454,0.144837431,52,0.021383697,1,0.565973711,0.397062489
41,54,Kwa Pakacha,Tandale,Kinondoni,0.117268571,1,0.080782448,53,0.028057251,0.894804728,0.578701534,0.334652317
42,56,Muhalitani,Tandale,Kinondoni,0.093365154,0.810639434,0.203647898,55,0.05489734,0.883015464,0.474995995,0.257327485
43,57,Kwa Mtogole,Tandale,Kinondoni,0.101526907,0.827501321,0.129341792,56,0.05325753,0.930884877,0.488888352,0.349977915
44,58,Msisiri 'A',Mwananyamala,Kinondoni,0.329684447,0.423955318,0.239690722,57,0.268079335,0.616181305,0.625680424,0.419496172
45,59,Mwinjuma,Mwananyamala,Kinondoni,0.283818297,0.544686596,0.241395718,58,0.276524723,0.658384298,0.700383881,0.471042789
46,60,Kambangwa,Mwananyamala,Kinondoni,0.259297719,0.572858442,0.279407877,59,0.205427866,0.674634528,0.621526658,0.462925369
47,61,Msisiri B,Mwananyamala,Kinondoni,0.197676423,0.61746985,0.253026698,60,0.200669286,0.63938499,0.561916856,0.411246384
48,63,Msolomi,Mwananyamala,Kinondoni,0.23678829,0.437557556,0.205339678,62,0.323708355,0.656949751,0.809670133,0.427322135
49,64,Masaki,Msasani,Kinondoni,0.397990387,0.067862418,0.671394585,63,0.942977,0.350768108,0.408600855,0.498530943
50,65,Idrissa,Mzimuni,Kinondoni,0.271596809,0.366765736,0.163996828,64,0.369598658,0.664511938,0.828385568,0.441268059
51,66,Oysterbay,Msasani,Kinondoni,0.396938159,0.099249413,0.425350251,65,0.842464806,0.352280435,0.608724677,0.574747467
52,67,Makangira,Msasani,Kinondoni,0.265415297,0.098590105,0.436075265,66,0.821965402,0.419336469,0.4711028,0.476152808
53,69,Bonde la Mpunga,Msasani,Kinondoni,0.432049543,0.064269384,0.487583857,68,0.827499891,0.448073854,0.566077361,0.564437313
54,70,Mikoroshini,Msasani,Kinondoni,0.335157461,0.139375647,0.291441469,69,0.650769275,0.622677959,0.693137187,0.495471277
55,71,Kinondoni Mjini,Kinondoni,Kinondoni,0.269450081,0.416978185,0.236193497,70,0.380886199,0.546159552,0.757362475,0.362028544
56,72,Kinondoni Shamba,Kinondoni,Kinondoni,0.264323792,0.323081114,0.20222046,71,0.476648793,0.337081826,0.240293582,0.290128789
57,73,Ada Estate,Kinondoni,Kinondoni,0.469113907,0.225717672,0.271419508,72,0.649920191,0.430079282,0.697539472,0.619368631
58,74,Kumbukumbu,Kinondoni,Kinondoni,0.247683825,0.224871379,0.186360032,73,0.524669023,0.534281391,0.724078724,0.480256162
59,75,Makumbusho,Mzimuni,Kinondoni,0.361497776,0.513811547,0.265757335,74,0.223753588,0.651265184,0.930828183,0.539487012
60,76,Mwinyimkuu,Mzimuni,Kinondoni,0.229986856,0.358668705,0.386941581,75,0.35758963,0.621568906,0.711890939,0.345279899
61,77,Mtambani,Mzimuni,Kinondoni,0.27930665,0.519162806,0.377200634,76,0.186207979,0.625817688,0.835147139,0.396522213
62,78,Mvuleni,Manzese,Ubungo,0.192319097,0.860786303,0.137774253,77,0.049518521,0.707126917,0.622006151,0.39153889
63,79,Kigogo Mkwajuni,Kigogo,Kinondoni,0.278314869,0.538894112,0.255108888,78,0.079352265,0.57606592,0.627237353,0.444199292
64,81,Kigogo Kati,Kigogo,Kinondoni,0.274617221,0.523590637,0.300960437,80,0.100689344,0.774828976,0.621856171,0.413142332
65,83,Mbuyuni,Kigogo,Kinondoni,0.271017085,0.471750617,0.385783289,82,0.19034544,0.583457288,0.722017226,0.424950587
66,84,Muungano,Manzese,Ubungo,0.227509811,1,0.144647105,83,0.032162507,0.757169309,0.540413727,0.42579204
67,85,Mabibo,Mabibo,Ubungo,0.389900192,0.364327946,0.381272946,84,0.132179545,0.363013494,0.597989625,0.48171583
68,86,Jitegemee,Mabibo,Ubungo,0.184235304,0.527711109,0.183078143,85,0.081979209,0.549174298,0.624279641,0.389139025
69,89,Kanuni,Mabibo,Ubungo,0.141865657,0.714871391,0.169349722,88,0.031244178,0.676187276,0.52550328,0.357357809
70,90,Azimio,Mabibo,Ubungo,0.287927045,0.627658907,0.177848269,89,0.053300468,0.60718896,0.492836863,0.46720297
71,91,Matokeo,Mabibo,Ubungo,0.182184341,0.659281945,0.306053397,90,0.060417244,0.607232297,0.565355625,0.410766856
72,92,Mwembeni,Manzese,Ubungo,0.274460366,0.699781408,0.112529738,91,0.03687238,0.629201068,0.796692013,0.400399415
73,93,Mabibo Farasi,Mabibo,Ubungo,0.365291644,0.530375364,0.293100714,92,0.092001475,0.439593502,0.691041518,0.496191961
74,94,Madizini,Manzese,Ubungo,0.16048643,0.937295335,0.093787999,93,0.009316394,0.751009991,0.642263535,0.404939848
75,95,Uzuri,Manzese,Ubungo,0.22311787,0.774542085,0.224900872,94,0.064697199,0.819825973,0.607633197,0.391183198
76,96,Chakula Bora,Manzese,Ubungo,0.199437344,0.668091707,0.204678826,95,0.081339656,0.708112623,0.573551006,0.37135153
77,97,Mnyamani,Mnyamani,Ilala,0.342097081,0.569487977,0.102458366,96,0.09476939,0.754749392,0.796488275,0.368122006
78,98,NHC,Ubungo,Ubungo,0.405045842,0.259447133,0.341416587,97,0.284002867,0.643692533,0.825761661,0.564727881
79,99,Maganga,Temeke,Temeke,0.106122733,0.292924538,0.086386466,98,0.094792263,0.648493869,0.801270237,0.276968751
80,100,Kisiwani,Ubungo,Ubungo,0.501522056,0.255441027,0.294851235,99,0.250022944,0.493466543,0.890534372,0.546486418
81,101,Ukwamani,Kawe,Kinondoni,0.332339594,0.071381452,0.756130612,100,0.953464726,0.412072283,0.624781059,0.252526698
82,102,Kibo,Ubungo,Ubungo,0.298767824,0.175353147,0.576279848,101,0.634427146,0.476081846,0.683330435,0.511642352
83,111,Mission Quarter,Mchikichini,Ilala,0.445765855,0.4975653,0.203965107,110,0.417130842,0.656328811,0.903174863,0.792462841
84,113,Malapa,Buguruni,Ilala,0.250552831,0.482019093,0.138665458,112,0.105228155,0.671774996,0.668873013,0.415725557
85,114,Mzimuni,Kawe,Kinondoni,0.374473374,0.074364447,0.513923921,113,0.94143863,0.541410532,0.470571174,0.415606066
86,115,Kisiwani,Mburahati,Ubungo,0.129552657,0.681312092,0.292149088,114,0.062528142,0.81335365,0.477444059,0.472940603
87,116,Mbezi Beach 'A',Kawe,Kinondoni,0.301903189,0.100118633,0.591691935,115,0.88926646,0.501813685,0.470145635,0.497590548
88,121,Mchangani,Makumbusho,Kinondoni,0.218924522,0.750842917,0.147581285,120,0.14564265,0.796708288,0.485880686,0.345409944
89,124,Madenge,Buguruni,Ilala,0.382538306,0.491866467,0.143854084,123,0.085101119,0.683309835,0.758158042,0.458669768
90,134,Ukombozi,Jangwani,Ilala,0.744507537,0.371768228,0.103727201,133,0.581750464,0.70737234,0.970525144,0.871545589
91,135,Makoka,Makuburi,Ubungo,0.305821693,0.092201654,0.759887535,134,0.687412746,0.502327991,0.277088551,0.495886413
92,136,Kajima,Makuburi,Ubungo,0.35706289,0.168070572,0.66852925,135,0.646659885,0.351523484,0.318633906,0.479163749
93,137,Kibangu,Makuburi,Ubungo,0.376274116,0.224169641,0.544733617,136,0.509297186,0.346719554,0.508083471,0.451043639
94,138,Makuburi,Makuburi,Ubungo,0.308940365,0.138265433,0.816781637,137,0.60579614,0.286936781,0.388585537,0.064392782
95,139,Sinza 'B',Sinza,Ubungo,0.255905819,0.342459269,0.270442959,138,0.231636785,0.699936986,0.624451997,0.453063297
96,140,Mwongozo,Makuburi,Ubungo,0.26391107,0.293429897,0.434476606,139,0.29477272,0.124490883,0.791549972,0.449638627
97,141,Kijitonyama,Kijitonyama,Kinondoni,0.275003191,0.314541694,0.298377911,140,0.272336614,0.587212485,0.597877535,0.477943487
98,142,NHC,Mburahati,Ubungo,0.176621427,0.717486413,0.249294211,141,0.034433787,0.886940257,0.494343618,0.443802338
99,143,Bwawani,Kijitonyama,Kinondoni,0.245219851,0.336953231,0.142680412,142,0.258018923,0.562869566,0.555355716,0.424679075
100,144,Barafu,Mburahati,Ubungo,0.220157517,0.65119656,0.438946163,143,0.074402238,0.835602156,0.541737149,0.404275355
101,145,Mtongani,Azimio,Temeke,0.14716861,0.662435777,0.120777161,144,0.212628049,0.420737456,0.733339938,0.315098644
102,146,Mbuyuni,Makumbusho,Kinondoni,0.152635073,0.825479895,0.362648692,145,0.105073922,0.773110975,0.439344985,0.309192563
103,147,Makumbusho,Makumbusho,Kinondoni,0.235574517,0.49625157,0.246330073,146,0.230664284,0.658495542,0.546394026,0.51600045
104,148,Minazini,Makumbusho,Kinondoni,0.166842461,0.749344059,0.189532117,147,0.11942039,0.724747806,0.532931547,0.427485861
105,149,Kisiwani,Makumbusho,Kinondoni,0.126225973,0.798670554,0.147924927,148,0.10086608,0.867962104,0.411150032,0.319948516
106,150,Mikocheni 'B',Mikocheni,Kinondoni,0.405754933,0.088473557,0.380658411,149,0.735832698,0.431644246,0.602529865,0.541409877
107,151,Sinza 'C',Sinza,Ubungo,0.311379923,0.150928822,0.430586226,150,0.471845537,0.599909961,0.747294312,0.38420077
108,152,Sinza 'A',Sinza,Ubungo,0.205306996,0.211390207,0.284959027,151,0.414562535,0.655494148,0.726948081,0.43780513
109,153,Sinza 'E',Sinza,Ubungo,0.190649976,0.48585315,0.296526566,152,0.141538543,0.695773134,0.581797075,0.389539995
110,154,Sinza 'D',Sinza,Ubungo,0.404767254,0.413437281,0.282985285,153,0.139089175,0.716228356,0.597056767,0.4428901
111,155,Mwenge,Kijitonyama,Kinondoni,0.256997257,0.232378913,0.219450652,154,0.41317655,0.565910215,0.698268552,0.48656675
112,156,Mpakani 'A',Kijitonyama,Kinondoni,0.292900155,0.238031308,0.254496431,155,0.314601484,0.62546698,0.629756734,0.519307089
113,157,TPDC,Mikocheni,Kinondoni,0.348817418,0.091400421,0.464505683,156,0.602343237,0.302597476,0.531149349,0.522972793
114,158,Alimaua 'A',Kijitonyama,Kinondoni,0.1703235,0.72685971,0.365900079,157,0.109550692,0.619954837,0.490462915,0.388430737
115,159,Ally Hassan Mwinyi,Mikocheni,Kinondoni,0.531727831,0.10673523,0.614405406,158,0.524590414,0.391891323,0.571633004,0.646639124
116,160,Regent Estate,Mikocheni,Kinondoni,0.370114631,0.178679292,0.568885572,159,0.479194204,0.448154441,0.68651321,0.592982174
117,161,Aliamua 'B',Kijitonyama,Kinondoni,0.231439758,0.613488961,0.362463653,160,0.121326468,0.534090795,0.531465601,0.459437272
118,162,Mpakani 'B',Kijitonyama,Kinondoni,0.210087722,0.330055536,0.382130584,161,0.225578317,0.648039872,0.541256418,0.420962496
119,163,Darajani,Mikocheni,Kinondoni,0.330117473,0.08051169,0.329389374,162,0.603367315,0.531691569,0.664568109,0.438181874
120,164,Baruti,Kimara,Ubungo,0.276183581,0.122285301,0.816177637,163,0.687401568,0.390450187,0.510065158,0.357574607
121,165,Mikocheni 'A',Mikocheni,Kinondoni,0.307434905,0.075484661,0.26443299,164,0.692216837,0.409479644,0.576939587,0.503336566
122,166,Kimara Baruti,Kimara,Ubungo,0.354677954,0.169181859,0.717594732,165,0.687408393,0.495095105,0.608291775,0.501191351
123,167,Kilungule 'A',Kimara,Ubungo,0.292735472,0.155719267,0.730816812,166,0.687412746,0.471177104,0.384949157,0.560686156
124,168,Hananasif,Hananasifu,Kinondoni,0.20657387,0.380158164,0.478939617,167,0.47500627,0.645694787,0.558539956,0.260123943
125,169,Kilungule 'B',Kimara,Ubungo,0.302542045,0.099732221,0.766550904,168,0.68738614,0.484658785,0.432785074,0.508526421
126,172,Mkunguni A,Hananasifu,Kinondoni,0.182981174,0.432648609,0.550420301,171,0.530727932,0.669499641,0.619850129,0.132772395
127,176,Mnazi Mmoja,Jangwani,Ilala,0.537012464,0.421737252,0.045836638,175,0.591849472,0.712777065,0.939685934,0.809480158
128,179,Kimbunga,Sandali,Temeke,0.537822936,0.680613812,0.331007137,178,0.1365329,0.198943253,0.059249183,0.498064995
129,181,Kisiwani,Sandali,Temeke,0.360027905,0.680684295,0.276605868,180,0.146748725,0.099190234,0.182802613,0.481576828
130,182,Mkunguni B,Hananasifu,Kinondoni,0.466886551,0.331691773,0.878570121,181,0.654857524,0.548483193,0.607717435,0.492578034
131,183,Kisutu,Hananasifu,Kinondoni,0.189226133,0.39707975,0.240715985,182,0.471416565,0.585466856,0.657137152,0.445472375
132,189,Mkwinda,Sandali,Temeke,0.1149644,0.292767435,0.197832408,188,0.099791877,0.614921769,0.750693824,0.376142534
133,197,Mbezi Kati,Mbezi Juu,Kinondoni,0.273268835,0.108155616,0.731983806,196,0.837451893,0.432478211,0.582292568,0.442632124
134,198,Matangini,Saranga,Ubungo,0.298170878,0.13088865,0.793736686,197,0.687412746,0.424077788,0.591376313,0.521720185
135,199,Sandali,Sandali,Temeke,0.079233023,0.393725497,0.082315623,198,0.105016878,0.640736872,0.722135169,0.307229177
136,202,Mbuyuni,Azimio,Temeke,0.391033872,0.517502905,0.352207243,201,0.264064205,0.403331115,0.659951468,0.375446813
137,204,Mandela,Tabata,Ilala,0.372348377,0.546871285,0.276341528,203,0.09506609,0.467492959,0.915727719,0.498674754
138,207,Matumbi,Tabata,Ilala,0.204726124,0.525861394,0.290087232,206,0.105970937,0.484945325,0.996023246,0.390832184
139,208,Mwembeladu,Sandali,Temeke,0.141174043,0.325851222,0.022839017,207,0.111338051,0.63678593,0.576994226,0.375871199
140,210,Mbuyuni,Makongo,Kinondoni,0.148271547,0.046086675,0.628115252,209,0.687412746,0.257922402,0.33515624,0.336775167
141,213,Mafuriko,Ilala,Ilala,0.269094471,0.439384901,0.15307579,212,0.12520935,0.571488021,0.745532767,0.497262806
142,215,Mwembemnofu,Sandali,Temeke,0.084307616,0.651328135,0.104996035,214,0.112869769,0.593259463,0.536939635,0.284512878
143,216,Mbezi Mtoni,Mbezi Juu,Kinondoni,0.368366846,0.07220466,0.628460657,215,0.823513739,0.271081749,0.233055342,0.482521054
144,217,Mbezi Juu,Mbezi Juu,Kinondoni,0.542095875,0.090818611,0.859064235,216,1,0.089322748,0.446931997,0.582043963
145,218,Azimio Kaskazini,Azimio,Temeke,0.184607784,0.872375992,0.092413428,217,0.194157912,0.535163854,0.564920672,0.407547412
146,219,Changanyikeni,Makongo,Kinondoni,0.269280326,0.039819415,0.559527919,218,0.687412746,0.21731272,0.372498321,0.367980128
147,220,Makongo,Makongo,Kinondoni,0.332197723,0.037827847,0.7965565,219,0.720340225,0.232062131,0.419137129,0.100957436
148,221,Mlalakuwa,Makongo,Kinondoni,0.261400835,0.120932266,0.34106718,220,0.598410327,0.303181888,0.694895049,0.449087891
149,235,Tenge,Tabata,Ilala,0.283224498,0.400101063,0.552353408,234,0.148170569,0.469217352,0.558548646,0.485077551
150,236,Tabata,Tabata,Ilala,0.291606078,0.500257085,0.392032467,235,0.119507751,0.387020516,0.723365967,0.493879482
151,237,Karume,Ilala,Ilala,0.499912997,0.308374866,0.283227597,236,0.251617291,0.57069542,0.949530421,0.563553821
152,238,Kasulu,Ilala,Ilala,0.244740599,0.312993039,0.234853291,237,0.170155534,0.598632936,0.858140037,0.497663909
153,239,Msimbazi Bondeni,Mchikichini,Ilala,0.264362766,0.404080722,0.657155975,238,0.358545736,0.499713402,0.782259161,0.258324604
154,240,Ilala Kota,Mchikichini,Ilala,0.399563894,0.475281365,0.527658825,239,0.317662102,0.598906073,0.856640522,0.522144222
155,241,Kipunguni,Kipawa,Ilala,0.390029336,0.093773484,0.726024319,240,0.594373263,0.36873604,0,0.137285686
156,242,Mamboleo A,Sandali,Temeke,0.073993877,0.661146368,0.108009516,241,0.123976982,0.50908217,0.589179623,0.243298835
157,243,Kariakoo Kaskazini,Kariakoo,Ilala,0.60595548,0.506927512,0.091567539,242,0.501575969,0.750343665,0.956053742,0.798535626
158,244,Kariakoo Mashariki,Kariakoo,Ilala,0.866465681,0.516653876,0,243,0.580478165,0.671460809,0.923351502,1
159,245,Kariakoo Magharibi,Kariakoo,Ilala,0.576694659,0.514714353,0.041395718,244,0.501555837,0.720536165,0.935215253,0.921096714
160,246,Mtambani B,Jangwani,Ilala,0.410238913,0.337081735,0.693100714,245,0.536110719,0.50648789,0.775454323,0.47504786
161,247,Mtambani A,Jangwani,Ilala,1,0.438416306,0.220142744,246,0.494885326,0.672355798,0.75304348,0.64314785
162,248,Gerezani Mashariki,Gerezani,Ilala,0.698153942,0.503746813,0.012371134,247,0.540038424,0.639042195,1,0.773530006
163,249,Gerezani Magharibi,Gerezani,Ilala,0.715512041,0.376148018,0.297368611,248,0.381033192,0.573793593,0.975909186,0.678435202
164,250,Mtendeni,Kisutu,Ilala,0.462448326,0.251889932,0.164155432,249,0.654748823,0.673695359,0.839561896,0.865106387
165,251,Kisutu,Kisutu,Ilala,0.84157646,0.241879083,0.128310864,250,0.675804125,0.639768184,0.880407713,0.879125517
166,253,Kitumbini,Mchafukoge,Ilala,0.464764037,0.291919234,0.105947661,252,0.643659322,0.706882023,0.926715661,0.84849731
167,254,Kitonga,Upanga Mashariki,Ilala,0.387555513,0.147481259,0.44752361,253,0.778777098,0.356047383,0.781624811,0.681345249
168,256,Mchafukoge,Mchafukoge,Ilala,0.793777485,0.289438073,0.221366263,255,0.577529759,0.59282629,0.921072569,0.68559321
169,259,Kibasila,Upanga Mashariki,Ilala,0.416013007,0.257500493,0.374105764,258,0.69607155,0.522838692,0.891638941,0.704524198
170,260,Mfaume,Upanga Magharibi,Ilala,0.3146276,0.272144171,0.394766059,259,0.710530536,0.425268633,0.899326157,0.607914026
171,261,Fire,Upanga Magharibi,Ilala,0.240782986,0.378377609,0.410785091,260,0.631900847,0.561314694,0.850263872,0.645493992
172,262,Tindwa,Sandali,Temeke,0,0.655637332,0.261697066,261,0.116969162,0.41781084,0.427071631,0.225424232
173,263,Charambe,Upanga Magharibi,Ilala,0.476451487,0.229765796,0.962548242,262,0.688877946,0.349452654,0.739652885,0.533680624
174,264,Sea View,Kivukoni,Ilala,0.497843676,0.101599267,0.586030623,263,0.704437225,0.348005464,0.635538875,0.552384407
175,265,Kivukoni,Kivukoni,Ilala,0.74208057,0.092767116,0.308316151,264,0.692381151,0.472331781,0.824672778,0.752279196
176,266,Kiwalani,Kiwalani,Ilala,0.378251625,0.45715847,0.216682287,265,0.121023775,0.412473936,0.742013328,0.482289938
177,268,Yombo,Kiwalani,Ilala,0.224520568,0.58371273,0.217655161,267,0.177748709,0.403613467,0.580242943,0.413372843
178,269,Kigilagila,Kiwalani,Ilala,0.123325287,0.358460682,0.32850119,268,0.239243862,0.386189269,0.560053403,0.358743727
179,271,Migombani,Segerea,Ilala,0.311103744,0.107322827,0.641319588,270,0.424998989,0.457709394,0.301626445,0.422082417
180,272,Mpogo,Sandali,Temeke,0.223341401,0.657752117,0.332117367,271,0.127670215,0.202074918,0.177830805,0.57524042
181,273,Amani,Segerea,Ilala,0.22746745,0.381759402,0.555726747,272,0.141787239,0.383152176,0.43389079,0.436672408
182,281,Vijibweni,Vijibweni,Kigamboni,0.348502619,0.058638771,0.324848452,280,0.687301433,0.427151682,0.465340395,0.37857984
183,283,Kisiwani,Vijibweni,Kigamboni,0.385544955,0.058537293,0.492632638,282,0.687056852,0.369731095,0.31983135,0.390065691
184,300,Ferry,Kigamboni,Kigamboni,0.362253207,0.11093207,0.671757109,299,0.837039068,0.407772471,0.301151561,0.295892683
185,301,Tuamoyo,Kigamboni,Kigamboni,0.250169695,0.141963972,0.636875496,300,0.930089449,0.471962868,0.282640446,0.453362986
186,302,Kigamboni,Kigamboni,Kigamboni,0.224319684,0.159380481,0.541756983,301,0.913364161,0.490752298,0.307818101,0.463268093
187,303,Mkwajuni,Vijibweni,Kigamboni,0.401642762,0.022123005,0.730940477,302,0.687412746,0.512522531,0.346837033,0.138978509
188,304,Kibene,Vijibweni,Kigamboni,0.279103215,0.027538666,0.459284959,303,0.687412746,0.599577992,0.404559841,0.169465367
189,307,Uvumba,Kibada,Kigamboni,0.495180815,0,0.692857275,306,0.687412746,0.420614154,0.286191149,0.030404904
190,308,Kifurukwe,Kibada,Kigamboni,0.439327731,0.005432819,0.494790194,307,0.733431289,0.385936621,0.25301675,0.515138697
191,322,Njaro,Temeke,Temeke,0.483439936,0.26757076,0.229352025,321,0.064189002,0.4275343,0.972940836,0.575957904
192,324,Temeke,Temeke,Temeke,0.264947388,0.222647219,0.150933602,323,0.09783793,0.504037588,0.768475121,0.47032409
193,326,Yombo Vituka,Yombo Vituka,Temeke,0.260007353,0.3546552,0.515196795,325,0.311679667,0.431890466,0.370574333,0.452302359
194,328,Machimbo,Yombo Vituka,Temeke,0.234805589,0.479734882,0.387656055,327,0.18852974,0.528025097,0.307489363,0.456107612
195,329,Matumbi,Temeke,Temeke,0.258357486,0.389616288,0.174147502,328,0.121113993,0.569176288,0.74705354,0.478734451
196,330,Sigara,Yombo Vituka,Temeke,0.309333769,0.21484739,0.60977844,329,0.427768851,0.479327441,0.277363223,0.415488681
197,331,Bustani,Mtoni,Temeke,0.166740002,0.640262892,0.214485858,330,0.134002401,0.416237187,0.744261901,0.392616291
198,347,Keko Juu,Miburani,Temeke,0.445649536,0.285211229,0.317752351,346,0.221416656,0.482855222,0.836794312,0.498270493
199,350,Uwanja wa Taifa,Miburani,Temeke,0.660438699,0.244195075,0.357872263,349,0.18142914,0.401734909,0.727093399,0.590343015
200,352,Miburani,Miburani,Temeke,0.198755971,0.384836948,0.204327631,351,0.12598318,0.371987237,0.677580141,0.447532222
201,353,Wailes,Miburani,Temeke,0.377225811,0.325831293,0.482036177,352,0.157918785,0.354156083,0.780060606,0.457650979
202,356,Keko Machungwa,Miburani,Temeke,0.479093912,0.292187704,0.289524908,355,0.258470298,0.39988018,0.741985994,0.483389258
203,357,Sabasaba,Mtoni,Temeke,0.385035489,0.290886661,0.353409992,356,0.409247435,0.25280662,0.7545062,0.376476921
204,358,Mtoni,Mtoni,Temeke,0.284930779,0.464237306,0.111612099,357,0.293624229,0.296885271,0.699005096,0.394044428
205,359,Relini,Mtoni,Temeke,0.354917308,0.260368649,0.317867382,358,0.386909086,0,0.548359814,0.280758911
206,360,Keko Mwanga 'B',Keko,Temeke,0.366956592,0.453310682,0.28038065,359,0.292861182,0.661694937,0.559921795,0.434978359
207,361,Kurasini,Kurasini,Temeke,0.465676507,0.071206728,0.33036339,360,0.508568118,0.11125278,0.618069199,0.514509465
208,362,Keko Mwanga 'A',Keko,Temeke,0.388714485,0.369056095,0.184570069,361,0.259003172,0.57814745,0.595859453,0.542362479
209,363,Keko Magurumbasi 'A',Keko,Temeke,0.431790986,0.30494137,0.120031721,362,0.219526116,0.692362101,0.685203775,0.492915223
210,364,Keko Magurumbasi 'B',Keko,Temeke,0.259169289,0.502539589,0.231879461,363,0.218923634,0.702888056,0.641030782,0.438102296
211,365,Keko 'B',Keko,Temeke,0.345946863,0.375414497,0.308009516,364,0.209246478,0.627588364,0.773627325,0.468731846
212,366,Mivinjeni,Kurasini,Temeke,0.600407894,0.12362979,0.226256783,365,0.523172698,0.272721397,0.735559356,0.572106683
213,367,Kiungani,Kurasini,Temeke,0.45532775,0.08047579,0.206851705,366,0.464658971,0.159393347,0.468609943,0.445961976
214,368,Minazini,Kurasini,Temeke,0.38514836,0.143579515,0.345523603,367,0.350229447,0.399981868,0.785353312,0.524804581
215,369,Shimo la Udongo,Kurasini,Temeke,0.396804115,0.119097075,0.393021412,368,0.299041923,0.247581723,0.745352476,0.333479541
216,370,Mjimpya,Azimio,Temeke,0.212782811,0.605488017,0.056264869,369,0.111831542,0.505677457,0.711808896,0.374732446
217,371,Kichangani,Azimio,Temeke,0.109893316,0.741280924,0.141157811,370,0.170513605,0.511009432,0.59581125,0.332598362
218,372,Tambuka Reli,Azimio,Temeke,0.351806348,0.606897863,0.360005287,371,0.303203354,0.290874465,0.446121577,0.427019275
219,373,Azimio Kusini,Azimio,Temeke,0.221447334,0.740707966,0.179286281,372,0.223346348,0.515358719,0.485945272,0.377944185
220,374,Mamboleo B,Sandali,Temeke,0.217917077,0.525686275,0.202299762,373,0.147888718,0.231135591,0.768566667,0.347750945
221,375,Usalama,Sandali,Temeke,0.428583633,0.37412975,0.276939772,374,0.090815342,0.277233905,0.732055075,0.487292818
222,376,Veterinary,Sandali,Temeke,0.328095326,0.291694627,0.528382957,375,0.102183926,0.501882523,0.799854028,0.362534769
223,377,Chang'ombe A,Chang'ombe,Temeke,0.549984185,0.16477371,0.183752577,376,0.091989497,0.282126107,0.924213858,0.607042537
224,378,Toroli,Chang'ombe,Temeke,0.460249814,0.224701482,0.211485593,377,0.177312434,0.411881192,0.899080954,0.543094732
225,381,Bora,Chang'ombe,Temeke,0.299227288,0.126979593,0.385408406,380,0.172338933,0.522173381,0.7737535,0.500854316
226,382,Chang'ombe B,Chang'ombe,Temeke,0.261800771,0.141335763,0.252371134,381,0.108496098,0.394906108,0.711407636,0.398765889
227,388,Maweni,Mjimwema,Kigamboni,0.384043403,0.029948287,0.784533939,387,0.69027566,0.510222878,0.275893039,0.370493588
228,389,Mjimwema,Mjimwema,Kigamboni,0.350871482,0.02266998,0.730905468,388,0.733431289,0.489459089,0.213017216,0.196762223
229,390,Amana,Ilala,Ilala,0.428011195,0.433709344,0.402269261,389,0.167388175,0.508618236,0.840248941,0.611156868
230,393,Tungi,Tungi,Kigamboni,0.291646879,0.113388231,0.533973037,392,0.816047125,0.289057541,0.243273973,0.370388717
231,394,Muungano,Tungi,Kigamboni,0.555675708,0.071269942,0.425581108,393,0.704408815,0.23725134,0.283255521,0.3230507
232,395,Ungindoni,Mjimwema,Kigamboni,0.427031438,0.011771253,0.723212665,394,0.733431289,0.486917938,0.16148496,0.297441392
233,396,Magogoni,Tungi,Kigamboni,0.313103708,0.065888543,0.551966843,395,0.815847994,0.392335022,0.214415195,0.261439329
234,397,Misheni,Kijichi,Temeke,0.390634582,0.343281088,0.777939586,396,0.382007544,0.444393815,0.614603499,0.473158319
235,399,Mtoni Kijichi,Kijichi,Temeke,0.347868895,0.109504199,0.618585168,398,0.633011183,0.496720239,0.346649963,0.276124228
236,401,Mgeninani,Kijichi,Temeke,0.271056386,0.075342001,0.606135278,400,0.687412746,0.498281581,0.271795787,0.154494856
237,403,Butiama,Kijichi,Temeke,0.341184698,0.214802333,0.563395801,402,0.551191628,0.509258852,0.384256835,0.499885649
238,405,Mwanamtoti,Kijichi,Temeke,0.305239663,0.255126153,0.635028889,404,0.398263998,0.498202062,0.346826936,0.515490799
239,408,Migombani,Minazi Mirefu,Ilala,0.434427995,0.409962484,0.15682439,407,0.084593884,0.215274046,0.824438203,0.500615709
240,414,Muhale,Minazi Mirefu,Ilala,0.220671912,0.584439966,0.132402855,413,0.15877926,0.229665993,0.66501683,0.381808708
241,415,Kingungi,Kiburugwa,Temeke,0.303756647,0.39619097,0.489962615,414,0.733431289,0.320797699,0.063942533,0.371577588
242,416,Mnazi Mmoja,Manzese,Ubungo,0.335208459,0.599388424,0.183029342,415,0.074480386,0.553413318,0.691132309,0.450479353
243,417,Juhudi,Kiburugwa,Temeke,0.338652123,0.372916483,0.544615385,416,0.733431289,0.435879756,0.063942533,0.378817854
244,420,Mivinjeni,Buguruni,Ilala,0.405023342,0.487887454,0.506944602,419,0.125808038,0.554887023,0.630504492,0.373427749
245,422,Mashine ya Maji,Buza,Temeke,0.341505492,0.167092361,0.690711076,421,0.496282051,0.266331899,0.292027354,0.079875127
246,423,Kilakala,Kilakala,Temeke,0.173997797,0.687956867,0.155643669,422,0.157448566,0.131232118,0.269485952,0.427031589
247,424,Mjimpya,Buza,Temeke,0.192176357,0.257920869,0.415886862,423,0.733431289,0.445464615,0.26093911,0.389480906
248,425,Buza,Buza,Temeke,0.283869333,0.292717814,0.46119621,424,0.235745509,0.414018816,0.214128387,0.431016923
249,426,Kigunga,Kilakala,Temeke,0.279718144,0.696543908,0.365582871,425,0.165571589,0.476015392,0.212544846,0.424542963
250,427,Barabara ya Mwinyi,Kilakala,Temeke,0.188780582,0.643664312,0.273724557,426,0.173428217,0.306490924,0.358280124,0.425162797
251,431,Maruzuku,Mnyamani,Ilala,0.390247561,0.565727181,0.20509296,430,0.129631507,0.653836871,0.906586702,0.463230766
252,435,Mjimpya,Mnyamani,Ilala,0.168497679,0.608071691,0.312926249,434,0.110206415,0.569416114,0.515542746,0.346794293
253,437,Faru,Mnyamani,Ilala,0.703845295,0.459327652,0.100645746,436,0.070823638,0.593689418,0.666733676,0.569551984
254,438,Liwiti,Liwiti,Ilala,0.188939416,0.335815587,0.311883992,437,0.132543275,0.39324067,0.521475956,0.431433971
255,440,Shariff Shamba,Ilala,Ilala,0.268008227,0.504528677,0.308538197,439,0.133104619,0.407008447,0.785100782,0.513470013
256,441,Uwanja wa Ndege,Kipawa,Ilala,0.258117226,0.171532252,0.477454868,440,0.384796743,0.346240318,0.679912569,0.453642251
257,443,Mogo,Kipawa,Ilala,0.277392938,0.11544382,0.381876817,442,0.612595449,0.223229887,0.521203945,0.38944896
258,444,Karakata,Kipawa,Ilala,0.227018441,0.185659497,0.435600561,443,0.299444992,0.235451441,0.507742082,0.389528384
259,445,Mjimpya,Kipawa,Ilala,0.306265876,0.223640857,0.39333862,444,0.215628559,0.250288905,0.625240555,0.448816511
260,447,Misewe,Liwiti,Ilala,0.206298368,0.492181421,0.178992142,446,0.125195539,0.262043937,0.593983748,0.403643476
261,449,Mfaume,Liwiti,Ilala,0.248703166,0.234060504,0.501556826,448,0.178666566,0.449071834,0.554382782,0.435455425
262,450,Darajani,Kimanga,Ilala,0.21799821,0.382908911,0.356282892,449,0.170607543,0.452597053,0.386059709,0.41508753
263,452,Twiga,Kimanga,Ilala,0.225255686,0.280966096,0.354758128,451,0.331399015,0.331966867,0.245038994,0.372141529
264,453,Sokoine,Kimanga,Ilala,0.193247455,0.42115809,0.396193497,452,0.247442328,0.510910898,0.344975101,0.469492434
265,454,Miembeni,Vingunguti,Ilala,0.409596264,0.462899285,0.102730259,453,0.068549664,0.437999407,0.779668388,0.48731151
266,455,Tembomgwaza,Kimanga,Ilala,0.222221516,0.246270566,0.480491673,454,0.498702662,0.525616332,0.330746135,0.339858656
267,456,Kimanga,Kimanga,Ilala,0.176668558,0.279687838,0.391625694,455,0.457435808,0.546118109,0.285951845,0.384547958
268,458,Kilimani,Manzese,Ubungo,0.178355489,0.689569457,0.149828179,457,0.073371918,0.768371307,0.624031164,0.402877039
269,459,Mferejini,Manzese,Ubungo,0.252281909,0.671407963,0.265503569,458,0.093951298,0.589139629,0.825425517,0.459939468
270,461,Minazi Mirefu,Minazi Mirefu,Ilala,0.110958865,0.569247638,0.145372154,460,0.164437403,0.317202465,0.627792343,0.379549784
271,462,Tupendane,Manzese,Ubungo,0.190818125,0.638836774,0.306042823,461,0.095063496,0.790583817,0.643534796,0.381618722
272,463,Machimbo,Segerea,Ilala,0.17907351,0.256008351,0.444409199,462,0.189534699,0.410861481,0.436893845,0.40063839
273,464,Ugombolwa,Segerea,Ilala,0.266733993,0.208443403,0.633802538,463,0.279649249,0.489302727,0.28365818,0.419330281
274,466,Segerea,Segerea,Ilala,0.285298294,0.16556571,0.624510462,465,0.281879829,0.400661827,0.364754339,0.484898991
275,470,Mianzini,Kisukuru,Ilala,0.258516906,0.174490478,0.584562517,469,0.522437895,0.417528466,0.150301074,0.435959953
276,474,Msimbazi,Tabata,Ilala,0.198240184,0.514023914,0.256389109,473,0.130472152,0.544389975,0.38864172,0.401158699
277,476,Tabata Kisiwani,Tabata,Ilala,0.21065533,0.408198229,0.468358446,475,0.145580201,0.392602865,0.633671117,0.39521037
278,477,Mtambani,Tabata,Ilala,0.211839225,0.511282801,0.329143537,476,0.133906253,0.419684122,0.558888586,0.432250099
279,478,Msewe,Ubungo,Ubungo,0.246884809,0.112304591,0.728895196,477,0.68570602,0.468016468,0.58910213,0.458688137
280,479,Majengo,Vingunguti,Ilala,0.504418861,0.655395287,0.259793814,478,0.093905191,0.610954919,0.581714902,0.520826117
281,480,Chuo Kikuu,Ubungo,Ubungo,0.455086161,0.063459265,0.950114865,479,0.671003307,0.415603192,0.725260554,0.198429583
282,481,Mtakuja,Vingunguti,Ilala,0.098309224,0.650155984,0.135511499,480,0.05014293,0.766540045,0.674552635,0.357150253
283,482,Mtambani,Vingunguti,Ilala,0.395420279,0.54635319,0.115076218,481,0.039743867,0.657369292,0.603139918,0.450435607
284,483,Butiama,Vingunguti,Ilala,0.319004878,0.509148158,0.200819455,482,0.103783864,0.505873089,0.573691917,0.469420528
285,484,Kombo,Vingunguti,Ilala,0.161640616,0.657311442,0.132564343,483,0.100468158,0.676977813,0.515254521,0.371530963
286,485,Kihimbwa,Kisukuru,Ilala,0.143486248,0.210377805,0.532022205,484,0.401868043,0.374821879,0.206444526,0.332354143
287,486,Kisukuru,Kisukuru,Ilala,0.282273708,0.080134613,0.746897936,485,0.611618629,0.423916522,0.123127995,0.31135929
288,487,Luhanga,Kisukuru,Ilala,0.260408927,0.099112005,0.745526638,486,0.665699609,0.328348592,0.255934127,0.45656174
289,491,Banebane,Kisukuru,Ilala,0.24774086,0.139475217,0.699206979,490,0.660269365,0.404044828,0.204975222,0.43112798
290,496,Kisiwani,Buguruni,Ilala,0.261257877,0.508926153,0.221217728,495,0.13963808,0.592818289,0.844865868,0.391402926
